{
  "calibration_leds_in_frame": {
    "coords_in_frame": [
      [
        337.5645161290323,
        327.2419354838711
      ],
      [
        897.5645161290322,
        337.5645161290323
      ],
      [
        347.88709677419354,
        572.4032258064517
      ],
      [
        931.1129032258066,
        559.5000000000001
      ]
    ]
  },
  "homography_matrix": {
    "matrix": [
      [
        0.4347686267983755,
        -0.04787107375018634,
        -282.4875561004165
      ],
      [
        -0.10916078836117389,
        1.397304556213464,
        84.22721347446151
      ],
      [
        -0.0001705736629006499,
        0.00020428231727169713,
        1.0
      ]
    ]
  }
}