{
  "calibration_leds_in_frame": {
    "coords_in_frame": [
      [
        376.2741935483871,
        417.5645161290323
      ],
      [
        923.3709677419356,
        404.6612903225807
      ],
      [
        337.5645161290323,
        647.241935483871
      ],
      [
        967.241935483871,
        636.9193548387098
      ]
    ]
  },
  "homography_matrix": {
    "matrix": [
      [
        0.6496915180479904,
        -0.028409788863243378,
        -444.6287874922322
      ],
      [
        0.08341495060474237,
        2.5958947205225305,
        -408.5752426610584
      ],
      [
        6.632937926400557e-05,
        0.0009305683088755957,
        1.0
      ]
    ]
  }
}