{
  "calibration_leds_in_frame": {
    "coords_in_frame": [
      [
        360.79032258064524,
        389.1774193548388
      ],
      [
        936.2741935483871,
        384.01612903225816
      ],
      [
        384.01612903225805,
        644.6612903225807
      ],
      [
        967.241935483871,
        642.0806451612904
      ]
    ]
  },
  "homography_matrix": {
    "matrix": [
      [
        0.44721104533624917,
        -0.048428837979280236,
        -296.439656223898
      ],
      [
        0.020285247159369916,
        1.244680631358844,
        21.40518283234256
      ],
      [
        1.8693931221886815e-05,
        5.012221376829955e-05,
        1.0
      ]
    ]
  }
}